reporter_name,reporter_code,year,classification,classification_version,product_code,mtn_categories,partner_code,partner_name,value
"United States of America",C840,2020,MTN,MT4,NON_AG,"Non Agricultural products",C024,Angola,479158749
"United States of America",C840,2020,MTN,MT4,NON_AG,"Non Agricultural products",C084,Belize,22531348
"United States of America",C840,2020,MTN,MT4,NON_AG,"Non Agricultural products",C156,China,419272219233
"United States of America",C840,2023,MTN,MT4,NON_AG,"Non Agricultural products",C410,"Korea, Republic of",112589532734
"United States of America",C840,2023,MTN,MT4,NON_AG,"Non Agricultural products",C604,Peru,4848948063
"United States of America",C840,2023,MTN,MT4,NON_AG,"Non Agricultural products",C634,Qatar,1930140132
"United States of America",C840,2024,MTN,MT4,NON_AG,"Non Agricultural products",C400,Jordan,3260125925
"United States of America",C840,2020,MTN,MT4,NON_AG,"Non Agricultural products",C050,Bangladesh,6065473275
"United States of America",C840,2020,MTN,MT4,NON_AG,"Non Agricultural products",C504,Morocco,839786400
"United States of America",C840,2020,MTN,MT4,NON_AG,"Non Agricultural products",C887,Yemen,829551
"United States of America",C840,2022,MTN,MT4,NON_AG,"Non Agricultural products",C051,Armenia,60016241
"United States of America",C840,2022,MTN,MT4,NON_AG,"Non Agricultural products",C834,Tanzania,176886077
"United States of America",C840,2023,MTN,MT4,NON_AG,"Non Agricultural products",C266,Gabon,74846131
"United States of America",C840,2023,MTN,MT4,NON_AG,"Non Agricultural products",C804,Ukraine,1096957043
"United States of America",C840,2024,MTN,MT4,NON_AG,"Non Agricultural products",C368,Iraq,7566947306
"United States of America",C840,2020,MTN,MT4,NON_AG,"Non Agricultural products",C586,Pakistan,3703931767
"United States of America",C840,2020,MTN,MT4,NON_AG,"Non Agricultural products",C858,Uruguay,131353472
"United States of America",C840,2022,MTN,MT4,NON_AG,"Non Agricultural products",C384,"Côte d'Ivoire",231238106
"United States of America",C840,2024,MTN,MT4,NON_AG,"Non Agricultural products",C484,Mexico,443002908282
"United States of America",C840,2024,MTN,MT4,NON_AG,"Non Agricultural products",C804,Ukraine,940901088
"United States of America",C840,2020,MTN,MT4,NON_AG,"Non Agricultural products",C792,Türkiye,9470212685
"United States of America",C840,2020,MTN,MT4,NON_AG,"Non Agricultural products",C356,India,48681697494
"United States of America",C840,2023,MTN,MT4,NON_AG,"Non Agricultural products",C659,"Saint Kitts and Nevis",13254659
"United States of America",C840,2021,MTN,MT4,NON_AG,"Non Agricultural products",C756,Switzerland,54298485083
"United States of America",C840,2020,MTN,MT4,NON_AG,"Non Agricultural products",C826,"United Kingdom",43933655085
"United States of America",C840,2022,MTN,MT4,NON_AG,"Non Agricultural products",C308,Grenada,9518651
"United States of America",C840,2023,MTN,MT4,NON_AG,"Non Agricultural products",C768,Togo,9072628
"United States of America",C840,2023,MTN,MT4,NON_AG,"Non Agricultural products",C894,Zambia,145329786
"United States of America",C840,2024,MTN,MT4,NON_AG,"Non Agricultural products",C548,Vanuatu,1932218
"United States of America",C840,2021,MTN,MT4,NON_AG,"Non Agricultural products",C818,Egypt,3008191639
"United States of America",C840,2020,MTN,MT4,NON_AG,"Non Agricultural products",C231,Ethiopia,283974249
"United States of America",C840,2020,MTN,MT4,NON_AG,"Non Agricultural products",C320,Guatemala,1602598353
"United States of America",C840,2020,MTN,MT4,NON_AG,"Non Agricultural products",C446,"Macao, China",88410978
"United States of America",C840,2020,MTN,MT4,NON_AG,"Non Agricultural products",C600,Paraguay,41550887
"United States of America",C840,2021,MTN,MT4,NON_AG,"Non Agricultural products",C562,Niger,13945659
"United States of America",C840,2021,MTN,MT4,NON_AG,"Non Agricultural products",C112,Belarus,466462429
"United States of America",C840,2021,MTN,MT4,NON_AG,"Non Agricultural products",C678,"Sao Tomé and Principe",1046849
"United States of America",C840,2021,MTN,MT4,NON_AG,"Non Agricultural products",C124,Canada,307401472213
"United States of America",C840,2021,MTN,MT4,NON_AG,"Non Agricultural products",C410,"Korea, Republic of",92364768764
"United States of America",C840,2021,MTN,MT4,NON_AG,"Non Agricultural products",C643,"Russian Federation",29203375120
"United States of America",C840,2024,MTN,MT4,NON_AG,"Non Agricultural products",C882,Samoa,1438394
"United States of America",C840,2020,MTN,MT4,NON_AG,"Non Agricultural products",C144,"Sri Lanka",2344860810
"United States of America",C840,2023,MTN,MT4,NON_AG,"Non Agricultural products",C051,Armenia,98527705
"United States of America",C840,2024,MTN,MT4,NON_AG,"Non Agricultural products",C188,"Costa Rica",8270455479
"United States of America",C840,2024,MTN,MT4,NON_AG,"Non Agricultural products",C762,Tajikistan,4171280
"United States of America",C840,2022,MTN,MT4,NON_AG,"Non Agricultural products",C048,"Bahrain, Kingdom of",1820196486
"United States of America",C840,2023,MTN,MT4,NON_AG,"Non Agricultural products",C764,Thailand,52123658420
"United States of America",C840,2020,MTN,MT4,NON_AG,"Non Agricultural products",C218,Ecuador,4685239500
"United States of America",C840,2023,MTN,MT4,NON_AG,"Non Agricultural products",C834,Tanzania,142373826
"United States of America",C840,2024,MTN,MT4,NON_AG,"Non Agricultural products",C417,"Kyrgyz Republic",14691358
"United States of America",C840,2021,MTN,MT4,NON_AG,"Non Agricultural products",C690,Seychelles,9928836
"United States of America",C840,2021,MTN,MT4,NON_AG,"Non Agricultural products",C834,Tanzania,69223336
"United States of America",C840,2021,MTN,MT4,NON_AG,"Non Agricultural products",C894,Zambia,172424410
"United States of America",C840,2024,MTN,MT4,NON_AG,"Non Agricultural products",C562,Niger,3635370
"United States of America",C840,2024,MTN,MT4,NON_AG,"Non Agricultural products",C768,Togo,8516940
"United States of America",C840,2022,MTN,MT4,NON_AG,"Non Agricultural products",C032,Argentina,5739583212
"United States of America",C840,2023,MTN,MT4,NON_AG,"Non Agricultural products",C108,Burundi,434604
"United States of America",C840,2023,MTN,MT4,NON_AG,"Non Agricultural products",C288,Ghana,1372833440
"United States of America",C840,2024,MTN,MT4,NON_AG,"Non Agricultural products",C422,"Lebanese Republic",184568936
"United States of America",C840,2020,MTN,MT4,NON_AG,"Non Agricultural products",C800,Uganda,5365970
"United States of America",C840,2023,MTN,MT4,NON_AG,"Non Agricultural products",C156,China,406490977410
"United States of America",C840,2024,MTN,MT4,NON_AG,"Non Agricultural products",C068,"Bolivia, Plurinational State of",381923413
"United States of America",C840,2024,MTN,MT4,NON_AG,"Non Agricultural products",C148,Chad,76765143
"United States of America",C840,2021,MTN,MT4,NON_AG,"Non Agricultural products",C740,Suriname,53767621
"United States of America",C840,2021,MTN,MT4,NON_AG,"Non Agricultural products",C480,Mauritius,213446491
"United States of America",C840,2021,MTN,MT4,NON_AG,"Non Agricultural products",C646,Rwanda,10073733
"United States of America",C840,2021,MTN,MT4,NON_AG,"Non Agricultural products",C694,"Sierra Leone",14803544
"United States of America",C840,2020,MTN,MT4,NON_AG,"Non Agricultural products",C051,Armenia,53815701
"United States of America",C840,2022,MTN,MT4,NON_AG,"Non Agricultural products",C516,Namibia,235541798
"United States of America",C840,2024,MTN,MT4,NON_AG,"Non Agricultural products",C478,Mauritania,2656594
"United States of America",C840,2024,MTN,MT4,NON_AG,"Non Agricultural products",C792,Türkiye,14001174092
"United States of America",C840,2020,MTN,MT4,NON_AG,"Non Agricultural products",C328,Guyana,623125715
"United States of America",C840,2023,MTN,MT4,NON_AG,"Non Agricultural products",C364,Iran,2219446
"United States of America",C840,2024,MTN,MT4,NON_AG,"Non Agricultural products",C242,Fiji,69275102
"United States of America",C840,2024,MTN,MT4,NON_AG,"Non Agricultural products",C678,"Sao Tomé and Principe",448608
"United States of America",C840,2020,MTN,MT4,NON_AG,"Non Agricultural products",C004,Afghanistan,9839915
"United States of America",C840,2022,MTN,MT4,NON_AG,"Non Agricultural products",C634,Qatar,2724483080
"United States of America",C840,2020,MTN,MT4,NON_AG,"Non Agricultural products",C124,Canada,226826973447.001
"United States of America",C840,2020,MTN,MT4,NON_AG,"Non Agricultural products",C480,Mauritius,212078925
"United States of America",C840,2020,MTN,MT4,NON_AG,"Non Agricultural products",C512,Oman,762887348
"United States of America",C840,2020,MTN,MT4,NON_AG,"Non Agricultural products",C634,Qatar,945298211
"United States of America",C840,2024,MTN,MT4,NON_AG,"Non Agricultural products",C070,"Bosnia and Herzegovina",169035805
"United States of America",C840,2022,MTN,MT4,NON_AG,"Non Agricultural products",C116,Cambodia,11855433842
"United States of America",C840,2022,MTN,MT4,NON_AG,"Non Agricultural products",C120,Cameroon,62561944
"United States of America",C840,2022,MTN,MT4,NON_AG,"Non Agricultural products",C400,Jordan,2905557906
"United States of America",C840,2021,MTN,MT4,NON_AG,"Non Agricultural products",C090,"Solomon Islands",621685
"United States of America",C840,2021,MTN,MT4,NON_AG,"Non Agricultural products",C706,Somalia,519166
"United States of America",C840,2022,MTN,MT4,NON_AG,"Non Agricultural products",C262,Djibouti,2689436
"United States of America",C840,2023,MTN,MT4,NON_AG,"Non Agricultural products",C598,"Papua New Guinea",3793093
"United States of America",C840,2024,MTN,MT4,NON_AG,"Non Agricultural products",C174,Comoros,161082
"United States of America",C840,2024,MTN,MT4,NON_AG,"Non Agricultural products",C124,Canada,351520174191.702
"United States of America",C840,2021,MTN,MT4,NON_AG,"Non Agricultural products",C659,"Saint Kitts and Nevis",32248623
"United States of America",C840,2020,MTN,MT4,NON_AG,"Non Agricultural products",C052,Barbados,16360256
"United States of America",C840,2020,MTN,MT4,NON_AG,"Non Agricultural products",C626,Timor-Leste,340177
"United States of America",C840,2020,MTN,MT4,NON_AG,"Non Agricultural products",N990,"Other Countries, n.e.s.",363576588
"United States of America",C840,2022,MTN,MT4,NON_AG,"Non Agricultural products",C450,Madagascar,610877127
"United States of America",C840,2023,MTN,MT4,NON_AG,"Non Agricultural products",C084,Belize,19896743
"United States of America",C840,2020,MTN,MT4,NON_AG,"Non Agricultural products",C174,Comoros,398107
"United States of America",C840,2022,MTN,MT4,NON_AG,"Non Agricultural products",C418,"Lao People's Democratic Republic",269959143
"United States of America",C840,2023,MTN,MT4,NON_AG,"Non Agricultural products",C516,Namibia,143055524
"United States of America",C840,2023,MTN,MT4,NON_AG,"Non Agricultural products",C887,Yemen,1192518
"United States of America",C840,2024,MTN,MT4,NON_AG,"Non Agricultural products",C626,Timor-Leste,1075613
"United States of America",C840,2022,MTN,MT4,NON_AG,"Non Agricultural products",C392,Japan,143507235081
"United States of America",C840,2022,MTN,MT4,NON_AG,"Non Agricultural products",C710,"South Africa",13639836157
"United States of America",C840,2022,MTN,MT4,NON_AG,"Non Agricultural products",C748,Eswatini,5410647
"United States of America",C840,2023,MTN,MT4,NON_AG,"Non Agricultural products",C862,"Venezuela, Bolivarian Republic of",3380617318
"United States of America",C840,2024,MTN,MT4,NON_AG,"Non Agricultural products",C364,Iran,5058030
"United States of America",C840,2021,MTN,MT4,NON_AG,"Non Agricultural products",C780,"Trinidad and Tobago",3950455354
"United States of America",C840,2021,MTN,MT4,NON_AG,"Non Agricultural products",C044,Bahamas,260630849
"United States of America",C840,2021,MTN,MT4,NON_AG,"Non Agricultural products",C104,Myanmar,932895548
"United States of America",C840,2020,MTN,MT4,NON_AG,"Non Agricultural products",C807,"North Macedonia",132056479
"United States of America",C840,2022,MTN,MT4,NON_AG,"Non Agricultural products",C678,"Sao Tomé and Principe",678338
"United States of America",C840,2023,MTN,MT4,NON_AG,"Non Agricultural products",C792,Türkiye,13088434775
"United States of America",C840,2023,MTN,MT4,NON_AG,"Non Agricultural products",C860,Uzbekistan,86017557
"United States of America",C840,2024,MTN,MT4,NON_AG,"Non Agricultural products",C558,Nicaragua,3402195299
"United States of America",C840,2024,MTN,MT4,NON_AG,"Non Agricultural products",C764,Thailand,58934776718
"United States of America",C840,2024,MTN,MT4,NON_AG,"Non Agricultural products",C860,Uzbekistan,25657618
"United States of America",C840,2021,MTN,MT4,NON_AG,"Non Agricultural products",C466,Mali,1798499
"United States of America",C840,2023,MTN,MT4,NON_AG,"Non Agricultural products",C807,"North Macedonia",251948312
"United States of America",C840,2024,MTN,MT4,NON_AG,"Non Agricultural products",C598,"Papua New Guinea",8308443
"United States of America",C840,2022,MTN,MT4,NON_AG,"Non Agricultural products",C496,Mongolia,13801044
"United States of America",C840,2022,MTN,MT4,NON_AG,"Non Agricultural products",C226,"Equatorial Guinea",220180139
"United States of America",C840,2022,MTN,MT4,NON_AG,"Non Agricultural products",C716,Zimbabwe,52660603
"United States of America",C840,2024,MTN,MT4,NON_AG,"Non Agricultural products",C410,"Korea, Republic of",126768694851
"United States of America",C840,2020,MTN,MT4,NON_AG,"Non Agricultural products",C604,Peru,2667129373
"United States of America",C840,2022,MTN,MT4,NON_AG,"Non Agricultural products",C462,Maldives,16451646
"United States of America",C840,2023,MTN,MT4,NON_AG,"Non Agricultural products",C578,Norway,5698270688
"United States of America",C840,2020,MTN,MT4,NON_AG,"Non Agricultural products",C694,"Sierra Leone",29851243
"United States of America",C840,2024,MTN,MT4,NON_AG,"Non Agricultural products",C090,"Solomon Islands",536667
"United States of America",C840,2021,MTN,MT4,NON_AG,"Non Agricultural products",C032,Argentina,3302746990
"United States of America",C840,2021,MTN,MT4,NON_AG,"Non Agricultural products",C364,Iran,1192967
"United States of America",C840,2021,MTN,MT4,NON_AG,"Non Agricultural products",C670,"Saint Vincent and the Grenadines",4259550
"United States of America",C840,2021,MTN,MT4,NON_AG,"Non Agricultural products",C222,"El Salvador",2111830496
"United States of America",C840,2021,MTN,MT4,NON_AG,"Non Agricultural products",C430,Liberia,71541023
"United States of America",C840,2021,MTN,MT4,NON_AG,"Non Agricultural products",C148,Chad,521402
"United States of America",C840,2021,MTN,MT4,NON_AG,"Non Agricultural products",C484,Mexico,333993869169
"United States of America",C840,2021,MTN,MT4,NON_AG,"Non Agricultural products",C776,Tonga,1573096
"United States of America",C840,2021,MTN,MT4,NON_AG,"Non Agricultural products",C748,Eswatini,7889086
"United States of America",C840,2020,MTN,MT4,NON_AG,"Non Agricultural products",C068,"Bolivia, Plurinational State of",269645681
"United States of America",C840,2020,MTN,MT4,NON_AG,"Non Agricultural products",C784,"United Arab Emirates",2152888147
"United States of America",C840,2023,MTN,MT4,NON_AG,"Non Agricultural products",C558,Nicaragua,3373262782
"United States of America",C840,2022,MTN,MT4,NON_AG,"Non Agricultural products",C760,"Syrian Arab Republic",3454886
"United States of America",C840,2022,MTN,MT4,NON_AG,"Non Agricultural products",C788,Tunisia,522831598
"United States of America",C840,2023,MTN,MT4,NON_AG,"Non Agricultural products",C795,Turkmenistan,982243
"United States of America",C840,2024,MTN,MT4,NON_AG,"Non Agricultural products",C504,Morocco,1353030110
"United States of America",C840,2021,MTN,MT4,NON_AG,"Non Agricultural products",C417,"Kyrgyz Republic",3776036
"United States of America",C840,2022,MTN,MT4,NON_AG,"Non Agricultural products",C548,Vanuatu,393109
"United States of America",C840,2024,MTN,MT4,NON_AG,"Non Agricultural products",C156,China,412184488657
"United States of America",C840,2024,MTN,MT4,NON_AG,"Non Agricultural products",C384,"Côte d'Ivoire",193719554
"United States of America",C840,2022,MTN,MT4,NON_AG,"Non Agricultural products",C591,Panama,260096421
"United States of America",C840,2022,MTN,MT4,NON_AG,"Non Agricultural products",C682,"Saudi Arabia, Kingdom of",22693727976
"United States of America",C840,2022,MTN,MT4,NON_AG,"Non Agricultural products",C804,Ukraine,1154967999
"United States of America",C840,2021,MTN,MT4,NON_AG,"Non Agricultural products",C072,Botswana,254486711
"United States of America",C840,2021,MTN,MT4,NON_AG,"Non Agricultural products",C768,Togo,8229337
"United States of America",C840,2023,MTN,MT4,NON_AG,"Non Agricultural products",C104,Myanmar,865510757
"United States of America",C840,2023,MTN,MT4,NON_AG,"Non Agricultural products",C148,Chad,82105414
"United States of America",C840,2023,MTN,MT4,NON_AG,"Non Agricultural products",C422,"Lebanese Republic",137787021
"United States of America",C840,2024,MTN,MT4,NON_AG,"Non Agricultural products",C706,Somalia,1686265
"United States of America",C840,2021,MTN,MT4,NON_AG,"Non Agricultural products",C052,Barbados,14155814
"United States of America",C840,2021,MTN,MT4,NON_AG,"Non Agricultural products",C384,"Côte d'Ivoire",185383519
"United States of America",C840,2021,MTN,MT4,NON_AG,"Non Agricultural products",C804,Ukraine,1598913246
"United States of America",C840,2021,MTN,MT4,NON_AG,"Non Agricultural products",C108,Burundi,365224
"United States of America",C840,2020,MTN,MT4,NON_AG,"Non Agricultural products",C686,Senegal,97914137
"United States of America",C840,2022,MTN,MT4,NON_AG,"Non Agricultural products",C076,Brazil,30679840233
"United States of America",C840,2022,MTN,MT4,NON_AG,"Non Agricultural products",C598,"Papua New Guinea",1907588
"United States of America",C840,2022,MTN,MT4,NON_AG,"Non Agricultural products",C756,Switzerland,51270655708
"United States of America",C840,2024,MTN,MT4,NON_AG,"Non Agricultural products",C662,"Saint Lucia",2638399
"United States of America",C840,2020,MTN,MT4,NON_AG,"Non Agricultural products",C426,Lesotho,308922106
"United States of America",C840,2022,MTN,MT4,NON_AG,"Non Agricultural products",C012,Algeria,2922452649
"United States of America",C840,2023,MTN,MT4,NON_AG,"Non Agricultural products",C748,Eswatini,4994463
"United States of America",C840,2023,MTN,MT4,NON_AG,"Non Agricultural products",C756,Switzerland,45879380647
"United States of America",C840,2020,MTN,MT4,NON_AG,"Non Agricultural products",C064,Bhutan,343826
"United States of America",C840,2022,MTN,MT4,NON_AG,"Non Agricultural products",C188,"Costa Rica",6159831467
"United States of America",C840,2023,MTN,MT4,NON_AG,"Non Agricultural products",C504,Morocco,1294271251
"United States of America",C840,2023,MTN,MT4,NON_AG,"Non Agricultural products",C446,"Macao, China",101295526
"United States of America",C840,2024,MTN,MT4,NON_AG,"Non Agricultural products",C028,"Antigua and Barbuda",13536709
"United States of America",C840,2024,MTN,MT4,NON_AG,"Non Agricultural products",C392,Japan,143797459884
"United States of America",C840,2021,MTN,MT4,NON_AG,"Non Agricultural products",C368,Iraq,3375019127
"United States of America",C840,2021,MTN,MT4,NON_AG,"Non Agricultural products",C036,Australia,8233133647
"United States of America",C840,2021,MTN,MT4,NON_AG,"Non Agricultural products",C152,Chile,11579364656
"United States of America",C840,2020,MTN,MT4,NON_AG,"Non Agricultural products",C178,Congo,117855111
"United States of America",C840,2020,MTN,MT4,NON_AG,"Non Agricultural products",C776,Tonga,1346767
"United States of America",C840,2023,MTN,MT4,NON_AG,"Non Agricultural products",C704,"Viet Nam",108708824838
"United States of America",C840,2021,MTN,MT4,NON_AG,"Non Agricultural products",A000,World,2529132390813
"United States of America",C840,2021,MTN,MT4,NON_AG,"Non Agricultural products",C070,"Bosnia and Herzegovina",153633254
"United States of America",C840,2020,MTN,MT4,NON_AG,"Non Agricultural products",C458,Malaysia,41648811072
"United States of America",C840,2022,MTN,MT4,NON_AG,"Non Agricultural products",C036,Australia,10823347071
"United States of America",C840,2022,MTN,MT4,NON_AG,"Non Agricultural products",C178,Congo,239296363
"United States of America",C840,2022,MTN,MT4,NON_AG,"Non Agricultural products",C204,Benin,1824991
"United States of America",C840,2022,MTN,MT4,NON_AG,"Non Agricultural products",C826,"United Kingdom",55604441070
"United States of America",C840,2023,MTN,MT4,NON_AG,"Non Agricultural products",C462,Maldives,9710429
"United States of America",C840,2024,MTN,MT4,NON_AG,"Non Agricultural products",C446,"Macao, China",79843539
"United States of America",C840,2022,MTN,MT4,NON_AG,"Non Agricultural products",C008,Albania,112107014
"United States of America",C840,2022,MTN,MT4,NON_AG,"Non Agricultural products",C417,"Kyrgyz Republic",7715744
"United States of America",C840,2023,MTN,MT4,NON_AG,"Non Agricultural products",C048,"Bahrain, Kingdom of",948049695
"United States of America",C840,2023,MTN,MT4,NON_AG,"Non Agricultural products",C192,Cuba,3953033
"United States of America",C840,2020,MTN,MT4,NON_AG,"Non Agricultural products",C716,Zimbabwe,12280247
"United States of America",C840,2022,MTN,MT4,NON_AG,"Non Agricultural products",C776,Tonga,2241981
"United States of America",C840,2020,MTN,MT4,NON_AG,"Non Agricultural products",C192,Cuba,4896449
"United States of America",C840,2020,MTN,MT4,NON_AG,"Non Agricultural products",C270,"The Gambia",788370
"United States of America",C840,2020,MTN,MT4,NON_AG,"Non Agricultural products",C562,Niger,2646893
"United States of America",C840,2022,MTN,MT4,NON_AG,"Non Agricultural products",C174,Comoros,635897
"United States of America",C840,2023,MTN,MT4,NON_AG,"Non Agricultural products",C360,Indonesia,22815960381
"United States of America",C840,2023,MTN,MT4,NON_AG,"Non Agricultural products",C762,Tajikistan,827180
"United States of America",C840,2020,MTN,MT4,NON_AG,"Non Agricultural products",C120,Cameroon,436061305
"United States of America",C840,2024,MTN,MT4,NON_AG,"Non Agricultural products",C116,Cambodia,12523166649
"United States of America",C840,2020,MTN,MT4,NON_AG,"Non Agricultural products",C748,Eswatini,3503963
"United States of America",C840,2023,MTN,MT4,NON_AG,"Non Agricultural products",C024,Angola,1175675839
"United States of America",C840,2023,MTN,MT4,NON_AG,"Non Agricultural products",C438,Liechtenstein,244422282
"United States of America",C840,2024,MTN,MT4,NON_AG,"Non Agricultural products",C222,"El Salvador",1717772855
"United States of America",C840,2021,MTN,MT4,NON_AG,"Non Agricultural products",C716,Zimbabwe,14282306
"United States of America",C840,2023,MTN,MT4,NON_AG,"Non Agricultural products",C646,Rwanda,8344175
"United States of America",C840,2023,MTN,MT4,NON_AG,"Non Agricultural products",C678,"Sao Tomé and Principe",1582585
"United States of America",C840,2023,MTN,MT4,NON_AG,"Non Agricultural products",C670,"Saint Vincent and the Grenadines",4684132
"United States of America",C840,2024,MTN,MT4,NON_AG,"Non Agricultural products",C670,"Saint Vincent and the Grenadines",5882430
"United States of America",C840,2020,MTN,MT4,NON_AG,"Non Agricultural products",C262,Djibouti,805653
"United States of America",C840,2020,MTN,MT4,NON_AG,"Non Agricultural products",C438,Liechtenstein,269925961
"United States of America",C840,2022,MTN,MT4,NON_AG,"Non Agricultural products",C090,"Solomon Islands",632297
"United States of America",C840,2022,MTN,MT4,NON_AG,"Non Agricultural products",C140,"Central African Republic",535213
"United States of America",C840,2022,MTN,MT4,NON_AG,"Non Agricultural products",C422,"Lebanese Republic",147042951
"United States of America",C840,2021,MTN,MT4,NON_AG,"Non Agricultural products",C050,Bangladesh,8255685527
"United States of America",C840,2021,MTN,MT4,NON_AG,"Non Agricultural products",C180,"Democratic Republic of the Congo",241029731
"United States of America",C840,2023,MTN,MT4,NON_AG,"Non Agricultural products",C352,Iceland,609717941
"United States of America",C840,2023,MTN,MT4,NON_AG,"Non Agricultural products",C818,Egypt,2001117873
"United States of America",C840,2023,MTN,MT4,NON_AG,"Non Agricultural products",U918,"European Union",510335282543
"United States of America",C840,2023,MTN,MT4,NON_AG,"Non Agricultural products",C116,Cambodia,11554599324
"United States of America",C840,2023,MTN,MT4,NON_AG,"Non Agricultural products",C608,Philippines,11730454962
"United States of America",C840,2023,MTN,MT4,NON_AG,"Non Agricultural products",C710,"South Africa",13136461742
"United States of America",C840,2020,MTN,MT4,NON_AG,"Non Agricultural products",C788,Tunisia,254988917
"United States of America",C840,2022,MTN,MT4,NON_AG,"Non Agricultural products",C052,Barbados,20689187
"United States of America",C840,2024,MTN,MT4,NON_AG,"Non Agricultural products",C608,Philippines,12117305353
"United States of America",C840,2021,MTN,MT4,NON_AG,"Non Agricultural products",C462,Maldives,13503389
"United States of America",C840,2021,MTN,MT4,NON_AG,"Non Agricultural products",C760,"Syrian Arab Republic",2204089
"United States of America",C840,2021,MTN,MT4,NON_AG,"Non Agricultural products",C012,Algeria,1733882465
"United States of America",C840,2021,MTN,MT4,NON_AG,"Non Agricultural products",C096,"Brunei Darussalam",9296952
"United States of America",C840,2021,MTN,MT4,NON_AG,"Non Agricultural products",C548,Vanuatu,787665
"United States of America",C840,2021,MTN,MT4,NON_AG,"Non Agricultural products",C051,Armenia,67422368
"United States of America",C840,2021,MTN,MT4,NON_AG,"Non Agricultural products",C634,Qatar,1720351777
"United States of America",C840,2021,MTN,MT4,NON_AG,"Non Agricultural products",C388,Jamaica,230068932
"United States of America",C840,2022,MTN,MT4,NON_AG,"Non Agricultural products",C604,Peru,4577129843
"United States of America",C840,2024,MTN,MT4,NON_AG,"Non Agricultural products",C044,Bahamas,814700354
"United States of America",C840,2020,MTN,MT4,NON_AG,"Non Agricultural products",C180,"Democratic Republic of the Congo",12451357
"United States of America",C840,2020,MTN,MT4,NON_AG,"Non Agricultural products",C566,Nigeria,1422666420
"United States of America",C840,2023,MTN,MT4,NON_AG,"Non Agricultural products",C858,Uruguay,272714041
"United States of America",C840,2020,MTN,MT4,NON_AG,"Non Agricultural products",C834,Tanzania,74169493
"United States of America",C840,2023,MTN,MT4,NON_AG,"Non Agricultural products",C180,"Democratic Republic of the Congo",265329094
"United States of America",C840,2023,MTN,MT4,NON_AG,"Non Agricultural products",C356,India,79579939561
"United States of America",C840,2023,MTN,MT4,NON_AG,"Non Agricultural products",C376,Israel,20167275290
"United States of America",C840,2024,MTN,MT4,NON_AG,"Non Agricultural products",C344,"Hong Kong, China",3020476662
"United States of America",C840,2021,MTN,MT4,NON_AG,"Non Agricultural products",C336,"Holy See",672406
"United States of America",C840,2020,MTN,MT4,NON_AG,"Non Agricultural products",C670,"Saint Vincent and the Grenadines",4580370
"United States of America",C840,2020,MTN,MT4,NON_AG,"Non Agricultural products",C704,"Viet Nam",75712900955
"United States of America",C840,2023,MTN,MT4,NON_AG,"Non Agricultural products",C008,Albania,47456208
"United States of America",C840,2023,MTN,MT4,NON_AG,"Non Agricultural products",C562,Niger,4546081
"United States of America",C840,2023,MTN,MT4,NON_AG,"Non Agricultural products",C682,"Saudi Arabia, Kingdom of",15840858197
"United States of America",C840,2020,MTN,MT4,NON_AG,"Non Agricultural products",C288,Ghana,478303857
"United States of America",C840,2022,MTN,MT4,NON_AG,"Non Agricultural products",C704,"Viet Nam",120932517642
"United States of America",C840,2023,MTN,MT4,NON_AG,"Non Agricultural products",C204,Benin,1244717
"United States of America",C840,2023,MTN,MT4,NON_AG,"Non Agricultural products",C344,"Hong Kong, China",1923603632
"United States of America",C840,2023,MTN,MT4,NON_AG,"Non Agricultural products",C548,Vanuatu,1425319
"United States of America",C840,2024,MTN,MT4,NON_AG,"Non Agricultural products",C404,Kenya,577138350
"United States of America",C840,2020,MTN,MT4,NON_AG,"Non Agricultural products",C148,Chad,152312
"United States of America",C840,2020,MTN,MT4,NON_AG,"Non Agricultural products",C332,Haiti,787057798
"United States of America",C840,2020,MTN,MT4,NON_AG,"Non Agricultural products",C524,Nepal,71751960
"United States of America",C840,2021,MTN,MT4,NON_AG,"Non Agricultural products",C498,"Moldova, Republic of",40700407
"United States of America",C840,2021,MTN,MT4,NON_AG,"Non Agricultural products",C862,"Venezuela, Bolivarian Republic of",240923424
"United States of America",C840,2021,MTN,MT4,NON_AG,"Non Agricultural products",C608,Philippines,12526332963
"United States of America",C840,2021,MTN,MT4,NON_AG,"Non Agricultural products",C662,"Saint Lucia",5095025
"United States of America",C840,2021,MTN,MT4,NON_AG,"Non Agricultural products",C064,Bhutan,208384
"United States of America",C840,2021,MTN,MT4,NON_AG,"Non Agricultural products",C344,"Hong Kong, China",2345433740
"United States of America",C840,2021,MTN,MT4,NON_AG,"Non Agricultural products",C860,Uzbekistan,90892507
"United States of America",C840,2021,MTN,MT4,NON_AG,"Non Agricultural products",C140,"Central African Republic",457206
"United States of America",C840,2024,MTN,MT4,NON_AG,"Non Agricultural products",C096,"Brunei Darussalam",230641631
"United States of America",C840,2024,MTN,MT4,NON_AG,"Non Agricultural products",C554,"New Zealand",1741070988
"United States of America",C840,2022,MTN,MT4,NON_AG,"Non Agricultural products",C662,"Saint Lucia",5320490
"United States of America",C840,2021,MTN,MT4,NON_AG,"Non Agricultural products",C212,Dominica,1049847
"United States of America",C840,2021,MTN,MT4,NON_AG,"Non Agricultural products",C591,Panama,236349078
"United States of America",C840,2021,MTN,MT4,NON_AG,"Non Agricultural products",C792,Türkiye,13925400149
"United States of America",C840,2020,MTN,MT4,NON_AG,"Non Agricultural products",C324,Guinea,7736773
"United States of America",C840,2022,MTN,MT4,NON_AG,"Non Agricultural products",C626,Timor-Leste,895789
"United States of America",C840,2022,MTN,MT4,NON_AG,"Non Agricultural products",C686,Senegal,498023739
"United States of America",C840,2023,MTN,MT4,NON_AG,"Non Agricultural products",C090,"Solomon Islands",412302
"United States of America",C840,2024,MTN,MT4,NON_AG,"Non Agricultural products",C795,Turkmenistan,11461914
"United States of America",C840,2021,MTN,MT4,NON_AG,"Non Agricultural products",C418,"Lao People's Democratic Republic",213082763
"United States of America",C840,2020,MTN,MT4,NON_AG,"Non Agricultural products",C226,"Equatorial Guinea",118843950
"United States of America",C840,2020,MTN,MT4,NON_AG,"Non Agricultural products",C430,Liberia,44142590
"United States of America",C840,2020,MTN,MT4,NON_AG,"Non Agricultural products",C454,Malawi,2455863
"United States of America",C840,2024,MTN,MT4,NON_AG,"Non Agricultural products",C108,Burundi,364471
"United States of America",C840,2021,MTN,MT4,NON_AG,"Non Agricultural products",C132,"Cabo Verde",3972051
"United States of America",C840,2020,MTN,MT4,NON_AG,"Non Agricultural products",U918,"European Union",357615061733
"United States of America",C840,2023,MTN,MT4,NON_AG,"Non Agricultural products",C400,Jordan,2819551064
"United States of America",C840,2024,MTN,MT4,NON_AG,"Non Agricultural products",C032,Argentina,5513439631
"United States of America",C840,2024,MTN,MT4,NON_AG,"Non Agricultural products",C204,Benin,3247386
"United States of America",C840,2024,MTN,MT4,NON_AG,"Non Agricultural products",C893,Montenegro,8346697
"United States of America",C840,2021,MTN,MT4,NON_AG,"Non Agricultural products",C020,Andorra,3792851
"United States of America",C840,2020,MTN,MT4,NON_AG,"Non Agricultural products",C340,Honduras,2926845566
"United States of America",C840,2020,MTN,MT4,NON_AG,"Non Agricultural products",C368,Iraq,3482185223
"United States of America",C840,2020,MTN,MT4,NON_AG,"Non Agricultural products",C894,Zambia,51473102
"United States of America",C840,2022,MTN,MT4,NON_AG,"Non Agricultural products",C288,Ghana,2430314604
"United States of America",C840,2023,MTN,MT4,NON_AG,"Non Agricultural products",C052,Barbados,16311828
"United States of America",C840,2024,MTN,MT4,NON_AG,"Non Agricultural products",C052,Barbados,14158882
"United States of America",C840,2021,MTN,MT4,NON_AG,"Non Agricultural products",C188,"Costa Rica",4600320531
"United States of America",C840,2020,MTN,MT4,NON_AG,"Non Agricultural products",C364,Iran,3405610
"United States of America",C840,2020,MTN,MT4,NON_AG,"Non Agricultural products",C531,Curaçao,20540879
"United States of America",C840,2023,MTN,MT4,NON_AG,"Non Agricultural products",C524,Nepal,100055715
"United States of America",C840,2024,MTN,MT4,NON_AG,"Non Agricultural products",C012,Algeria,2670564452
"United States of America",C840,2024,MTN,MT4,NON_AG,"Non Agricultural products",C524,Nepal,91658576
"United States of America",C840,2020,MTN,MT4,NON_AG,"Non Agricultural products",C466,Mali,1739055
"United States of America",C840,2022,MTN,MT4,NON_AG,"Non Agricultural products",C694,"Sierra Leone",15555685
"United States of America",C840,2022,MTN,MT4,NON_AG,"Non Agricultural products",C894,Zambia,121392705
"United States of America",C840,2023,MTN,MT4,NON_AG,"Non Agricultural products",C032,Argentina,5093430430
"United States of America",C840,2023,MTN,MT4,NON_AG,"Non Agricultural products",C826,"United Kingdom",55945203747
"United States of America",C840,2021,MTN,MT4,NON_AG,"Non Agricultural products",C426,Lesotho,336331692
"United States of America",C840,2020,MTN,MT4,NON_AG,"Non Agricultural products",C882,Samoa,1251444
"United States of America",C840,2023,MTN,MT4,NON_AG,"Non Agricultural products",C626,Timor-Leste,489319
"United States of America",C840,2024,MTN,MT4,NON_AG,"Non Agricultural products",C430,Liberia,70143376
"United States of America",C840,2021,MTN,MT4,NON_AG,"Non Agricultural products",C328,Guyana,2045008154
"United States of America",C840,2021,MTN,MT4,NON_AG,"Non Agricultural products",C422,"Lebanese Republic",135788675
"United States of America",C840,2020,MTN,MT4,NON_AG,"Non Agricultural products",C862,"Venezuela, Bolivarian Republic of",165227718
"United States of America",C840,2022,MTN,MT4,NON_AG,"Non Agricultural products",C360,Indonesia,29130626736
"United States of America",C840,2023,MTN,MT4,NON_AG,"Non Agricultural products",C020,Andorra,53126180
"United States of America",C840,2023,MTN,MT4,NON_AG,"Non Agricultural products",C308,Grenada,8412744
"United States of America",C840,2024,MTN,MT4,NON_AG,"Non Agricultural products",C072,Botswana,494897153
"United States of America",C840,2024,MTN,MT4,NON_AG,"Non Agricultural products",C826,"United Kingdom",59568365589
"United States of America",C840,2020,MTN,MT4,NON_AG,"Non Agricultural products",C152,Chile,7065032727
"United States of America",C840,2022,MTN,MT4,NON_AG,"Non Agricultural products",C368,Iraq,10200777978
"United States of America",C840,2023,MTN,MT4,NON_AG,"Non Agricultural products",C068,"Bolivia, Plurinational State of",317563934
"United States of America",C840,2023,MTN,MT4,NON_AG,"Non Agricultural products",C328,Guyana,3245815109
"United States of America",C840,2020,MTN,MT4,NON_AG,"Non Agricultural products",C780,"Trinidad and Tobago",2446580451
"United States of America",C840,2022,MTN,MT4,NON_AG,"Non Agricultural products",C152,Chile,11777318848
"United States of America",C840,2022,MTN,MT4,NON_AG,"Non Agricultural products",C268,Georgia,322411658
"United States of America",C840,2022,MTN,MT4,NON_AG,"Non Agricultural products",C566,Nigeria,4614212333
"United States of America",C840,2023,MTN,MT4,NON_AG,"Non Agricultural products",C262,Djibouti,1710520
"United States of America",C840,2023,MTN,MT4,NON_AG,"Non Agricultural products",C586,Pakistan,4645420649
"United States of America",C840,2023,MTN,MT4,NON_AG,"Non Agricultural products",C624,Guinea-Bissau,9020
"United States of America",C840,2023,MTN,MT4,NON_AG,"Non Agricultural products",C716,Zimbabwe,51493886
"United States of America",C840,2024,MTN,MT4,NON_AG,"Non Agricultural products",C170,Colombia,13288492373
"United States of America",C840,2020,MTN,MT4,NON_AG,"Non Agricultural products",C268,Georgia,136484024
"United States of America",C840,2020,MTN,MT4,NON_AG,"Non Agricultural products",C591,Panama,166216309
"United States of America",C840,2020,MTN,MT4,NON_AG,"Non Agricultural products",C624,Guinea-Bissau,121960
"United States of America",C840,2022,MTN,MT4,NON_AG,"Non Agricultural products",C028,"Antigua and Barbuda",5320354
"United States of America",C840,2022,MTN,MT4,NON_AG,"Non Agricultural products",C792,Türkiye,16466213097
"United States of America",C840,2023,MTN,MT4,NON_AG,"Non Agricultural products",C480,Mauritius,202558135
"United States of America",C840,2022,MTN,MT4,NON_AG,"Non Agricultural products",C072,Botswana,487465566
"United States of America",C840,2022,MTN,MT4,NON_AG,"Non Agricultural products",C108,Burundi,2219513
"United States of America",C840,2022,MTN,MT4,NON_AG,"Non Agricultural products",C144,"Sri Lanka",3214569710
"United States of America",C840,2021,MTN,MT4,NON_AG,"Non Agricultural products",C320,Guatemala,2131671821
"United States of America",C840,2022,MTN,MT4,NON_AG,"Non Agricultural products",C762,Tajikistan,734289
"United States of America",C840,2023,MTN,MT4,NON_AG,"Non Agricultural products",C270,"The Gambia",1513743
"United States of America",C840,2023,MTN,MT4,NON_AG,"Non Agricultural products",C320,Guatemala,1894848812
"United States of America",C840,2023,MTN,MT4,NON_AG,"Non Agricultural products",C392,Japan,142418410523
"United States of America",C840,2023,MTN,MT4,NON_AG,"Non Agricultural products",C600,Paraguay,75904984
"United States of America",C840,2021,MTN,MT4,NON_AG,"Non Agricultural products",C116,Cambodia,8700672164
"United States of America",C840,2021,MTN,MT4,NON_AG,"Non Agricultural products",C174,Comoros,632591
"United States of America",C840,2020,MTN,MT4,NON_AG,"Non Agricultural products",C108,Burundi,89810
"United States of America",C840,2020,MTN,MT4,NON_AG,"Non Agricultural products",C242,Fiji,97877402
"United States of America",C840,2023,MTN,MT4,NON_AG,"Non Agricultural products",C036,Australia,10318759179
"United States of America",C840,2024,MTN,MT4,NON_AG,"Non Agricultural products",C760,"Syrian Arab Republic",5265192
"United States of America",C840,2020,MTN,MT4,NON_AG,"Non Agricultural products",C214,"Dominican Republic",3669314082
"United States of America",C840,2023,MTN,MT4,NON_AG,"Non Agricultural products",A000,World,2751617808569
"United States of America",C840,2023,MTN,MT4,NON_AG,"Non Agricultural products",C388,Jamaica,159040626
"United States of America",C840,2024,MTN,MT4,NON_AG,"Non Agricultural products",C508,Mozambique,181833306
"United States of America",C840,2021,MTN,MT4,NON_AG,"Non Agricultural products",C566,Nigeria,3338107154
"United States of America",C840,2021,MTN,MT4,NON_AG,"Non Agricultural products",C784,"United Arab Emirates",4328605261
"United States of America",C840,2021,MTN,MT4,NON_AG,"Non Agricultural products",C446,"Macao, China",117651116
"United States of America",C840,2021,MTN,MT4,NON_AG,"Non Agricultural products",C887,Yemen,4287861
"United States of America",C840,2021,MTN,MT4,NON_AG,"Non Agricultural products",C156,China,484586170362
"United States of America",C840,2023,MTN,MT4,NON_AG,"Non Agricultural products",C740,Suriname,62444985
"United States of America",C840,2024,MTN,MT4,NON_AG,"Non Agricultural products",C288,Ghana,962211450
"United States of America",C840,2020,MTN,MT4,NON_AG,"Non Agricultural products",C116,Cambodia,6504060199
"United States of America",C840,2024,MTN,MT4,NON_AG,"Non Agricultural products",C756,Switzerland,55645898663
"United States of America",C840,2020,MTN,MT4,NON_AG,"Non Agricultural products",C140,"Central African Republic",816148
"United States of America",C840,2020,MTN,MT4,NON_AG,"Non Agricultural products",C558,Nicaragua,2550739564
"United States of America",C840,2020,MTN,MT4,NON_AG,"Non Agricultural products",C678,"Sao Tomé and Principe",614585
"United States of America",C840,2020,MTN,MT4,NON_AG,"Non Agricultural products",C893,Montenegro,4215917
"United States of America",C840,2022,MTN,MT4,NON_AG,"Non Agricultural products",C430,Liberia,80044403
"United States of America",C840,2022,MTN,MT4,NON_AG,"Non Agricultural products",C554,"New Zealand",1690974177
"United States of America",C840,2022,MTN,MT4,NON_AG,"Non Agricultural products",C887,Yemen,13942589
"United States of America",C840,2023,MTN,MT4,NON_AG,"Non Agricultural products",C231,Ethiopia,233084461
"United States of America",C840,2020,MTN,MT4,NON_AG,"Non Agricultural products",C222,"El Salvador",1595803843
"United States of America",C840,2020,MTN,MT4,NON_AG,"Non Agricultural products",C598,"Papua New Guinea",10243745
"United States of America",C840,2024,MTN,MT4,NON_AG,"Non Agricultural products",C064,Bhutan,3175075
"United States of America",C840,2022,MTN,MT4,NON_AG,"Non Agricultural products",C854,"Burkina Faso",1023566
"United States of America",C840,2023,MTN,MT4,NON_AG,"Non Agricultural products",C120,Cameroon,96080882
"United States of America",C840,2024,MTN,MT4,NON_AG,"Non Agricultural products",C332,Haiti,610079165
"United States of America",C840,2021,MTN,MT4,NON_AG,"Non Agricultural products",C398,Kazakhstan,1584840433
"United States of America",C840,2020,MTN,MT4,NON_AG,"Non Agricultural products",C768,Togo,8968724
"United States of America",C840,2022,MTN,MT4,NON_AG,"Non Agricultural products",C498,"Moldova, Republic of",50793010
"United States of America",C840,2022,MTN,MT4,NON_AG,"Non Agricultural products",C531,Curaçao,43313523
"United States of America",C840,2023,MTN,MT4,NON_AG,"Non Agricultural products",C222,"El Salvador",1892835561
"United States of America",C840,2023,MTN,MT4,NON_AG,"Non Agricultural products",C450,Madagascar,556719469
"United States of America",C840,2020,MTN,MT4,NON_AG,"Non Agricultural products",C706,Somalia,316044
"United States of America",C840,2020,MTN,MT4,NON_AG,"Non Agricultural products",C764,Thailand,34513974196
"United States of America",C840,2020,MTN,MT4,NON_AG,"Non Agricultural products",C818,Egypt,1934817033
"United States of America",C840,2024,MTN,MT4,NON_AG,"Non Agricultural products",C892,Serbia,676553817
"United States of America",C840,2020,MTN,MT4,NON_AG,"Non Agricultural products",C308,Grenada,7681198
"United States of America",C840,2020,MTN,MT4,NON_AG,"Non Agricultural products",C728,"South Sudan",100529
"United States of America",C840,2024,MTN,MT4,NON_AG,"Non Agricultural products",C324,Guinea,4054776
"United States of America",C840,2020,MTN,MT4,NON_AG,"Non Agricultural products",C072,Botswana,179190787
"United States of America",C840,2022,MTN,MT4,NON_AG,"Non Agricultural products",C070,"Bosnia and Herzegovina",158135014
"United States of America",C840,2022,MTN,MT4,NON_AG,"Non Agricultural products",C858,Uruguay,290065535
"United States of America",C840,2024,MTN,MT4,NON_AG,"Non Agricultural products",C780,"Trinidad and Tobago",3147055701
"United States of America",C840,2020,MTN,MT4,NON_AG,"Non Agricultural products",C414,"Kuwait, the State of",685035166
"United States of America",C840,2020,MTN,MT4,NON_AG,"Non Agricultural products",C662,"Saint Lucia",5073381
"United States of America",C840,2022,MTN,MT4,NON_AG,"Non Agricultural products",C158,"Chinese Taipei",87893135107
"United States of America",C840,2023,MTN,MT4,NON_AG,"Non Agricultural products",C702,Singapore,28603935480
"United States of America",C840,2024,MTN,MT4,NON_AG,"Non Agricultural products",C024,Angola,1662098407
"United States of America",C840,2024,MTN,MT4,NON_AG,"Non Agricultural products",C578,Norway,5887514863
"United States of America",C840,2024,MTN,MT4,NON_AG,"Non Agricultural products",C600,Paraguay,102813106
"United States of America",C840,2024,MTN,MT4,NON_AG,"Non Agricultural products",C704,"Viet Nam",136432461761
"United States of America",C840,2022,MTN,MT4,NON_AG,"Non Agricultural products",C784,"United Arab Emirates",5546961737
"United States of America",C840,2023,MTN,MT4,NON_AG,"Non Agricultural products",C384,"Côte d'Ivoire",200353366
"United States of America",C840,2024,MTN,MT4,NON_AG,"Non Agricultural products",C132,"Cabo Verde",2721660
"United States of America",C840,2024,MTN,MT4,NON_AG,"Non Agricultural products",C418,"Lao People's Democratic Republic",803416112
"United States of America",C840,2024,MTN,MT4,NON_AG,"Non Agricultural products",C591,Panama,299808129
"United States of America",C840,2024,MTN,MT4,NON_AG,"Non Agricultural products",C858,Uruguay,376043891
"United States of America",C840,2022,MTN,MT4,NON_AG,"Non Agricultural products",C480,Mauritius,235218739
"United States of America",C840,2022,MTN,MT4,NON_AG,"Non Agricultural products",C892,Serbia,576461725
"United States of America",C840,2023,MTN,MT4,NON_AG,"Non Agricultural products",C531,Curaçao,56794456
"United States of America",C840,2021,MTN,MT4,NON_AG,"Non Agricultural products",C400,Jordan,2645329968
"United States of America",C840,2020,MTN,MT4,NON_AG,"Non Agricultural products",C008,Albania,20858036
"United States of America",C840,2022,MTN,MT4,NON_AG,"Non Agricultural products",C434,Libya,2626124789
"United States of America",C840,2022,MTN,MT4,NON_AG,"Non Agricultural products",C004,Afghanistan,12578202
"United States of America",C840,2023,MTN,MT4,NON_AG,"Non Agricultural products",C214,"Dominican Republic",5066642154
"United States of America",C840,2024,MTN,MT4,NON_AG,"Non Agricultural products",C788,Tunisia,605283106
"United States of America",C840,2022,MTN,MT4,NON_AG,"Non Agricultural products",C148,Chad,260886
"United States of America",C840,2022,MTN,MT4,NON_AG,"Non Agricultural products",C818,Egypt,2439620354
"United States of America",C840,2024,MTN,MT4,NON_AG,"Non Agricultural products",C646,Rwanda,6254470
"United States of America",C840,2024,MTN,MT4,NON_AG,"Non Agricultural products",C682,"Saudi Arabia, Kingdom of",12283004142
"United States of America",C840,2020,MTN,MT4,NON_AG,"Non Agricultural products",C554,"New Zealand",1291231747
"United States of America",C840,2020,MTN,MT4,NON_AG,"Non Agricultural products",C736,Sudan,16847368
"United States of America",C840,2022,MTN,MT4,NON_AG,"Non Agricultural products",C800,Uganda,8726294
"United States of America",C840,2023,MTN,MT4,NON_AG,"Non Agricultural products",C072,Botswana,568859744
"United States of America",C840,2023,MTN,MT4,NON_AG,"Non Agricultural products",C800,Uganda,7378967
"United States of America",C840,2024,MTN,MT4,NON_AG,"Non Agricultural products",C426,Lesotho,257702819
"United States of America",C840,2021,MTN,MT4,NON_AG,"Non Agricultural products",C392,Japan,130231926575
"United States of America",C840,2022,MTN,MT4,NON_AG,"Non Agricultural products",C192,Cuba,5566993
"United States of America",C840,2024,MTN,MT4,NON_AG,"Non Agricultural products",C308,Grenada,9272781
"United States of America",C840,2020,MTN,MT4,NON_AG,"Non Agricultural products",C860,Uzbekistan,57554451
"United States of America",C840,2022,MTN,MT4,NON_AG,"Non Agricultural products",C170,Colombia,13339788611
"United States of America",C840,2023,MTN,MT4,NON_AG,"Non Agricultural products",C096,"Brunei Darussalam",237367654
"United States of America",C840,2023,MTN,MT4,NON_AG,"Non Agricultural products",C188,"Costa Rica",7309710793
"United States of America",C840,2023,MTN,MT4,NON_AG,"Non Agricultural products",C554,"New Zealand",1693207659
"United States of America",C840,2024,MTN,MT4,NON_AG,"Non Agricultural products",C414,"Kuwait, the State of",1658646521
"United States of America",C840,2021,MTN,MT4,NON_AG,"Non Agricultural products",C204,Benin,2863536
"United States of America",C840,2021,MTN,MT4,NON_AG,"Non Agricultural products",N990,"Other Countries, n.e.s.",833786544
"United States of America",C840,2021,MTN,MT4,NON_AG,"Non Agricultural products",C352,Iceland,491324842
"United States of America",C840,2021,MTN,MT4,NON_AG,"Non Agricultural products",C144,"Sri Lanka",2743397601
"United States of America",C840,2021,MTN,MT4,NON_AG,"Non Agricultural products",C340,Honduras,4103992147
"United States of America",C840,2022,MTN,MT4,NON_AG,"Non Agricultural products",C508,Mozambique,149775330
"United States of America",C840,2022,MTN,MT4,NON_AG,"Non Agricultural products",C512,Oman,2613908045
"United States of America",C840,2022,MTN,MT4,NON_AG,"Non Agricultural products",C690,Seychelles,13138767
"United States of America",C840,2023,MTN,MT4,NON_AG,"Non Agricultural products",C028,"Antigua and Barbuda",9985911
"United States of America",C840,2020,MTN,MT4,NON_AG,"Non Agricultural products",C204,Benin,642024
"United States of America",C840,2020,MTN,MT4,NON_AG,"Non Agricultural products",C484,Mexico,282025026562
"United States of America",C840,2022,MTN,MT4,NON_AG,"Non Agricultural products",C352,Iceland,622627743
"United States of America",C840,2022,MTN,MT4,NON_AG,"Non Agricultural products",C862,"Venezuela, Bolivarian Republic of",604552951
"United States of America",C840,2023,MTN,MT4,NON_AG,"Non Agricultural products",C004,Afghanistan,6719384
"United States of America",C840,2023,MTN,MT4,NON_AG,"Non Agricultural products",C466,Mali,5704329
"United States of America",C840,2024,MTN,MT4,NON_AG,"Non Agricultural products",C048,"Bahrain, Kingdom of",1085956339
"United States of America",C840,2020,MTN,MT4,NON_AG,"Non Agricultural products",C478,Mauritania,4767221
"United States of America",C840,2024,MTN,MT4,NON_AG,"Non Agricultural products",C531,Curaçao,23470265
"United States of America",C840,2024,MTN,MT4,NON_AG,"Non Agricultural products",C728,"South Sudan",206111
"United States of America",C840,2020,MTN,MT4,NON_AG,"Non Agricultural products",C012,Algeria,411881116
"United States of America",C840,2022,MTN,MT4,NON_AG,"Non Agricultural products",A000,World,2911290240362
"United States of America",C840,2024,MTN,MT4,NON_AG,"Non Agricultural products",C140,"Central African Republic",1294756
"United States of America",C840,2024,MTN,MT4,NON_AG,"Non Agricultural products",C192,Cuba,4835751
"United States of America",C840,2024,MTN,MT4,NON_AG,"Non Agricultural products",C516,Namibia,301002954
"United States of America",C840,2020,MTN,MT4,NON_AG,"Non Agricultural products",C498,"Moldova, Republic of",37494878
"United States of America",C840,2022,MTN,MT4,NON_AG,"Non Agricultural products",C795,Turkmenistan,42378021
"United States of America",C840,2023,MTN,MT4,NON_AG,"Non Agricultural products",C064,Bhutan,855772
"United States of America",C840,2024,MTN,MT4,NON_AG,"Non Agricultural products",C434,Libya,2541329241
"United States of America",C840,2024,MTN,MT4,NON_AG,"Non Agricultural products",C818,Egypt,2103715937
"United States of America",C840,2022,MTN,MT4,NON_AG,"Non Agricultural products",C231,Ethiopia,389740970
"United States of America",C840,2022,MTN,MT4,NON_AG,"Non Agricultural products",C484,Mexico,396708483066
"United States of America",C840,2023,MTN,MT4,NON_AG,"Non Agricultural products",C124,Canada,358419916260
"United States of America",C840,2021,MTN,MT4,NON_AG,"Non Agricultural products",C031,Azerbaijan,84309583
"United States of America",C840,2021,MTN,MT4,NON_AG,"Non Agricultural products",C270,"The Gambia",909540
"United States of America",C840,2021,MTN,MT4,NON_AG,"Non Agricultural products",C882,Samoa,3692478
"United States of America",C840,2021,MTN,MT4,NON_AG,"Non Agricultural products",C892,Serbia,411699335
"United States of America",C840,2023,MTN,MT4,NON_AG,"Non Agricultural products",C736,Sudan,10040
"United States of America",C840,2024,MTN,MT4,NON_AG,"Non Agricultural products",A000,World,2915056741120.7
"United States of America",C840,2020,MTN,MT4,NON_AG,"Non Agricultural products",C376,Israel,14268143219
"United States of America",C840,2023,MTN,MT4,NON_AG,"Non Agricultural products",C368,Iraq,8735907258
"United States of America",C840,2023,MTN,MT4,NON_AG,"Non Agricultural products",C780,"Trinidad and Tobago",2893981873
"United States of America",C840,2024,MTN,MT4,NON_AG,"Non Agricultural products",C686,Senegal,230633510
"United States of America",C840,2020,MTN,MT4,NON_AG,"Non Agricultural products",C384,"Côte d'Ivoire",91917296
"United States of America",C840,2022,MTN,MT4,NON_AG,"Non Agricultural products",C646,Rwanda,17038732
"United States of America",C840,2023,MTN,MT4,NON_AG,"Non Agricultural products",C226,"Equatorial Guinea",284187986
"United States of America",C840,2023,MTN,MT4,NON_AG,"Non Agricultural products",C434,Libya,2437641796
"United States of America",C840,2023,MTN,MT4,NON_AG,"Non Agricultural products",C776,Tonga,1602731
"United States of America",C840,2024,MTN,MT4,NON_AG,"Non Agricultural products",C212,Dominica,1104689
"United States of America",C840,2022,MTN,MT4,NON_AG,"Non Agricultural products",C050,Bangladesh,10948204551
"United States of America",C840,2022,MTN,MT4,NON_AG,"Non Agricultural products",C124,Canada,381072254124
"United States of America",C840,2021,MTN,MT4,NON_AG,"Non Agricultural products",C242,Fiji,78572052
"United States of America",C840,2021,MTN,MT4,NON_AG,"Non Agricultural products",C478,Mauritania,3898560
"United States of America",C840,2021,MTN,MT4,NON_AG,"Non Agricultural products",C048,"Bahrain, Kingdom of",1058832484
"United States of America",C840,2021,MTN,MT4,NON_AG,"Non Agricultural products",C710,"South Africa",14786592003
"United States of America",C840,2020,MTN,MT4,NON_AG,"Non Agricultural products",C031,Azerbaijan,15734206
"United States of America",C840,2020,MTN,MT4,NON_AG,"Non Agricultural products",C044,Bahamas,178011305
"United States of America",C840,2022,MTN,MT4,NON_AG,"Non Agricultural products",C458,Malaysia,51076963407
"United States of America",C840,2024,MTN,MT4,NON_AG,"Non Agricultural products",C340,Honduras,4202688401
"United States of America",C840,2021,MTN,MT4,NON_AG,"Non Agricultural products",C214,"Dominican Republic",4402127842
"United States of America",C840,2020,MTN,MT4,NON_AG,"Non Agricultural products",C344,"Hong Kong, China",6457849584
"United States of America",C840,2020,MTN,MT4,NON_AG,"Non Agricultural products",C508,Mozambique,79363980
"United States of America",C840,2024,MTN,MT4,NON_AG,"Non Agricultural products",C152,Chile,12698629795
"United States of America",C840,2023,MTN,MT4,NON_AG,"Non Agricultural products",C882,Samoa,2113641
"United States of America",C840,2024,MTN,MT4,NON_AG,"Non Agricultural products",C231,Ethiopia,174137349
"United States of America",C840,2024,MTN,MT4,NON_AG,"Non Agricultural products",C496,Mongolia,8974532
"United States of America",C840,2024,MTN,MT4,NON_AG,"Non Agricultural products",C894,Zambia,162344348
"United States of America",C840,2021,MTN,MT4,NON_AG,"Non Agricultural products",C586,Pakistan,5131791065
"United States of America",C840,2020,MTN,MT4,NON_AG,"Non Agricultural products",C032,Argentina,2601258844
"United States of America",C840,2024,MTN,MT4,NON_AG,"Non Agricultural products",C336,"Holy See",150121
"United States of America",C840,2024,MTN,MT4,NON_AG,"Non Agricultural products",U918,"European Union",530154143712
"United States of America",C840,2022,MTN,MT4,NON_AG,"Non Agricultural products",C084,Belize,33731206
"United States of America",C840,2022,MTN,MT4,NON_AG,"Non Agricultural products",C096,"Brunei Darussalam",80665599
"United States of America",C840,2022,MTN,MT4,NON_AG,"Non Agricultural products",C212,Dominica,732261
"United States of America",C840,2023,MTN,MT4,NON_AG,"Non Agricultural products",C212,Dominica,1192577
"United States of America",C840,2020,MTN,MT4,NON_AG,"Non Agricultural products",C418,"Lao People's Democratic Republic",99831666
"United States of America",C840,2020,MTN,MT4,NON_AG,"Non Agricultural products",C422,"Lebanese Republic",146302417
"United States of America",C840,2020,MTN,MT4,NON_AG,"Non Agricultural products",C434,Libya,308581919
"United States of America",C840,2020,MTN,MT4,NON_AG,"Non Agricultural products",C462,Maldives,13142184
"United States of America",C840,2020,MTN,MT4,NON_AG,"Non Agricultural products",C702,Singapore,24407038983
"United States of America",C840,2022,MTN,MT4,NON_AG,"Non Agricultural products",C024,Angola,1516614857
"United States of America",C840,2022,MTN,MT4,NON_AG,"Non Agricultural products",C112,Belarus,195914175
"United States of America",C840,2021,MTN,MT4,NON_AG,"Non Agricultural products",C068,"Bolivia, Plurinational State of",409632020
"United States of America",C840,2020,MTN,MT4,NON_AG,"Non Agricultural products",C496,Mongolia,9923169
"United States of America",C840,2020,MTN,MT4,NON_AG,"Non Agricultural products",C690,Seychelles,5812372
"United States of America",C840,2022,MTN,MT4,NON_AG,"Non Agricultural products",C104,Myanmar,1060872067
"United States of America",C840,2024,MTN,MT4,NON_AG,"Non Agricultural products",C020,Andorra,3291119
"United States of America",C840,2021,MTN,MT4,NON_AG,"Non Agricultural products",C004,Afghanistan,13172789
"United States of America",C840,2020,MTN,MT4,NON_AG,"Non Agricultural products",C036,Australia,10067246355
"United States of America",C840,2020,MTN,MT4,NON_AG,"Non Agricultural products",C659,"Saint Kitts and Nevis",37271748
"United States of America",C840,2020,MTN,MT4,NON_AG,"Non Agricultural products",C795,Turkmenistan,12765348
"United States of America",C840,2021,MTN,MT4,NON_AG,"Non Agricultural products",C324,Guinea,7382840
"United States of America",C840,2023,MTN,MT4,NON_AG,"Non Agricultural products",C893,Montenegro,4904676
"United States of America",C840,2022,MTN,MT4,NON_AG,"Non Agricultural products",C266,Gabon,216484273
"United States of America",C840,2022,MTN,MT4,NON_AG,"Non Agricultural products",C624,Guinea-Bissau,13926
"United States of America",C840,2021,MTN,MT4,NON_AG,"Non Agricultural products",C356,India,69479413112
"United States of America",C840,2021,MTN,MT4,NON_AG,"Non Agricultural products",C414,"Kuwait, the State of",845415846
"United States of America",C840,2020,MTN,MT4,NON_AG,"Non Agricultural products",C892,Serbia,343835518
"United States of America",C840,2022,MTN,MT4,NON_AG,"Non Agricultural products",C068,"Bolivia, Plurinational State of",516330399
"United States of America",C840,2022,MTN,MT4,NON_AG,"Non Agricultural products",C410,"Korea, Republic of",112586483925
"United States of America",C840,2024,MTN,MT4,NON_AG,"Non Agricultural products",C634,Qatar,1425562402
"United States of America",C840,2024,MTN,MT4,NON_AG,"Non Agricultural products",C887,Yemen,1984968
"United States of America",C840,2021,MTN,MT4,NON_AG,"Non Agricultural products",C524,Nepal,84757553
"United States of America",C840,2021,MTN,MT4,NON_AG,"Non Agricultural products",C578,Norway,5653497186
"United States of America",C840,2020,MTN,MT4,NON_AG,"Non Agricultural products",C548,Vanuatu,1127239
"United States of America",C840,2024,MTN,MT4,NON_AG,"Non Agricultural products",C112,Belarus,11909654
"United States of America",C840,2024,MTN,MT4,NON_AG,"Non Agricultural products",C776,Tonga,2035534
"United States of America",C840,2023,MTN,MT4,NON_AG,"Non Agricultural products",C112,Belarus,26169655
"United States of America",C840,2023,MTN,MT4,NON_AG,"Non Agricultural products",C158,"Chinese Taipei",84277939929
"United States of America",C840,2020,MTN,MT4,NON_AG,"Non Agricultural products",C608,Philippines,9834669745
"United States of America",C840,2022,MTN,MT4,NON_AG,"Non Agricultural products",C332,Haiti,1013089667
"United States of America",C840,2023,MTN,MT4,NON_AG,"Non Agricultural products",C340,Honduras,4175597640
"United States of America",C840,2022,MTN,MT4,NON_AG,"Non Agricultural products",C558,Nicaragua,4286884382
"United States of America",C840,2022,MTN,MT4,NON_AG,"Non Agricultural products",C780,"Trinidad and Tobago",5290703092
"United States of America",C840,2023,MTN,MT4,NON_AG,"Non Agricultural products",C566,Nigeria,5825957922
"United States of America",C840,2020,MTN,MT4,NON_AG,"Non Agricultural products",C516,Namibia,85734171
"United States of America",C840,2022,MTN,MT4,NON_AG,"Non Agricultural products",C328,Guyana,2749206907
"United States of America",C840,2024,MTN,MT4,NON_AG,"Non Agricultural products",C031,Azerbaijan,88782401
"United States of America",C840,2024,MTN,MT4,NON_AG,"Non Agricultural products",C398,Kazakhstan,2281783843
"United States of America",C840,2021,MTN,MT4,NON_AG,"Non Agricultural products",C434,Libya,2118401273
"United States of America",C840,2021,MTN,MT4,NON_AG,"Non Agricultural products",C512,Oman,1694087330
"United States of America",C840,2021,MTN,MT4,NON_AG,"Non Agricultural products",C268,Georgia,175117950
"United States of America",C840,2021,MTN,MT4,NON_AG,"Non Agricultural products",C404,Kenya,514385019
"United States of America",C840,2021,MTN,MT4,NON_AG,"Non Agricultural products",C554,"New Zealand",1484932525
"United States of America",C840,2022,MTN,MT4,NON_AG,"Non Agricultural products",C218,Ecuador,8358640027
"United States of America",C840,2024,MTN,MT4,NON_AG,"Non Agricultural products",C268,Georgia,141666676
"United States of America",C840,2024,MTN,MT4,NON_AG,"Non Agricultural products",C352,Iceland,1011407627
"United States of America",C840,2024,MTN,MT4,NON_AG,"Non Agricultural products",C710,"South Africa",13800538531
"United States of America",C840,2022,MTN,MT4,NON_AG,"Non Agricultural products",C064,Bhutan,193173
"United States of America",C840,2023,MTN,MT4,NON_AG,"Non Agricultural products",C070,"Bosnia and Herzegovina",141826138
"United States of America",C840,2023,MTN,MT4,NON_AG,"Non Agricultural products",C174,Comoros,47403
"United States of America",C840,2020,MTN,MT4,NON_AG,"Non Agricultural products",C104,Myanmar,1012772571
"United States of America",C840,2023,MTN,MT4,NON_AG,"Non Agricultural products",C458,Malaysia,42980244111
"United States of America",C840,2023,MTN,MT4,NON_AG,"Non Agricultural products",C484,Mexico,414603559297
"United States of America",C840,2024,MTN,MT4,NON_AG,"Non Agricultural products",C158,"Chinese Taipei",112058707329
"United States of America",C840,2024,MTN,MT4,NON_AG,"Non Agricultural products",C854,"Burkina Faso",522856
"United States of America",C840,2021,MTN,MT4,NON_AG,"Non Agricultural products",C084,Belize,24979397
"United States of America",C840,2021,MTN,MT4,NON_AG,"Non Agricultural products",C120,Cameroon,166357781
"United States of America",C840,2021,MTN,MT4,NON_AG,"Non Agricultural products",C531,Curaçao,36284683
"United States of America",C840,2023,MTN,MT4,NON_AG,"Non Agricultural products",N990,"Other Countries, n.e.s.",717884008
"United States of America",C840,2020,MTN,MT4,NON_AG,"Non Agricultural products",C388,Jamaica,191171228
"United States of America",C840,2022,MTN,MT4,NON_AG,"Non Agricultural products",C376,Israel,20195063565
"United States of America",C840,2023,MTN,MT4,NON_AG,"Non Agricultural products",C044,Bahamas,860854910
"United States of America",C840,2023,MTN,MT4,NON_AG,"Non Agricultural products",C417,"Kyrgyz Republic",9810867
"United States of America",C840,2024,MTN,MT4,NON_AG,"Non Agricultural products",C586,Pakistan,4849113476
"United States of America",C840,2020,MTN,MT4,NON_AG,"Non Agricultural products",C212,Dominica,648774
"United States of America",C840,2020,MTN,MT4,NON_AG,"Non Agricultural products",A000,World,2084317257874
"United States of America",C840,2023,MTN,MT4,NON_AG,"Non Agricultural products",C332,Haiti,771064968
"United States of America",C840,2021,MTN,MT4,NON_AG,"Non Agricultural products",C308,Grenada,9525099
"United States of America",C840,2021,MTN,MT4,NON_AG,"Non Agricultural products",C170,Colombia,9252527166
"United States of America",C840,2021,MTN,MT4,NON_AG,"Non Agricultural products",C508,Mozambique,134515256
"United States of America",C840,2021,MTN,MT4,NON_AG,"Non Agricultural products",C858,Uruguay,209704676
"United States of America",C840,2021,MTN,MT4,NON_AG,"Non Agricultural products",C218,Ecuador,6659586079
"United States of America",C840,2021,MTN,MT4,NON_AG,"Non Agricultural products",C024,Angola,1024462442
"United States of America",C840,2023,MTN,MT4,NON_AG,"Non Agricultural products",C686,Senegal,155809363
"United States of America",C840,2023,MTN,MT4,NON_AG,"Non Agricultural products",C788,Tunisia,628061861
"United States of America",C840,2023,MTN,MT4,NON_AG,"Non Agricultural products",C496,Mongolia,10989814
"United States of America",C840,2024,MTN,MT4,NON_AG,"Non Agricultural products",C512,Oman,1190664739
"United States of America",C840,2024,MTN,MT4,NON_AG,"Non Agricultural products",N990,"Other Countries, n.e.s.",680886173
"United States of America",C840,2023,MTN,MT4,NON_AG,"Non Agricultural products",C336,"Holy See",369437
"United States of America",C840,2024,MTN,MT4,NON_AG,"Non Agricultural products",C008,Albania,98154898
"United States of America",C840,2024,MTN,MT4,NON_AG,"Non Agricultural products",C036,Australia,10042649053
"United States of America",C840,2024,MTN,MT4,NON_AG,"Non Agricultural products",C690,Seychelles,7228571
"United States of America",C840,2024,MTN,MT4,NON_AG,"Non Agricultural products",C834,Tanzania,132496073
"United States of America",C840,2024,MTN,MT4,NON_AG,"Non Agricultural products",C454,Malawi,359762
"United States of America",C840,2024,MTN,MT4,NON_AG,"Non Agricultural products",C702,Singapore,34766007628
"United States of America",C840,2022,MTN,MT4,NON_AG,"Non Agricultural products",C764,Thailand,54387974962
"United States of America",C840,2023,MTN,MT4,NON_AG,"Non Agricultural products",C508,Mozambique,203269755
"United States of America",C840,2020,MTN,MT4,NON_AG,"Non Agricultural products",C762,Tajikistan,683278
"United States of America",C840,2023,MTN,MT4,NON_AG,"Non Agricultural products",C218,Ecuador,7074136399
"United States of America",C840,2023,MTN,MT4,NON_AG,"Non Agricultural products",C662,"Saint Lucia",3375640
"United States of America",C840,2024,MTN,MT4,NON_AG,"Non Agricultural products",C214,"Dominican Republic",5334492915
"United States of America",C840,2024,MTN,MT4,NON_AG,"Non Agricultural products",C643,"Russian Federation",2840390565
"United States of America",C840,2024,MTN,MT4,NON_AG,"Non Agricultural products",C736,Sudan,2700
"United States of America",C840,2020,MTN,MT4,NON_AG,"Non Agricultural products",C760,"Syrian Arab Republic",5253018
"United States of America",C840,2022,MTN,MT4,NON_AG,"Non Agricultural products",C740,Suriname,57883680
"United States of America",C840,2023,MTN,MT4,NON_AG,"Non Agricultural products",C012,Algeria,3041076733
"United States of America",C840,2023,MTN,MT4,NON_AG,"Non Agricultural products",C694,"Sierra Leone",17092308
"United States of America",C840,2024,MTN,MT4,NON_AG,"Non Agricultural products",C462,Maldives,3870003
"United States of America",C840,2024,MTN,MT4,NON_AG,"Non Agricultural products",C604,Peru,4982405707
"United States of America",C840,2022,MTN,MT4,NON_AG,"Non Agricultural products",C180,"Democratic Republic of the Congo",153250213
"United States of America",C840,2022,MTN,MT4,NON_AG,"Non Agricultural products",C586,Pakistan,5742998065
"United States of America",C840,2022,MTN,MT4,NON_AG,"Non Agricultural products",C608,Philippines,14412404841
"United States of America",C840,2021,MTN,MT4,NON_AG,"Non Agricultural products",C332,Haiti,1052628947
"United States of America",C840,2020,MTN,MT4,NON_AG,"Non Agricultural products",C450,Madagascar,306690969
"United States of America",C840,2020,MTN,MT4,NON_AG,"Non Agricultural products",C682,"Saudi Arabia, Kingdom of",8184408896
"United States of America",C840,2022,MTN,MT4,NON_AG,"Non Agricultural products",C768,Togo,10722126
"United States of America",C840,2023,MTN,MT4,NON_AG,"Non Agricultural products",C498,"Moldova, Republic of",50760639
"United States of America",C840,2023,MTN,MT4,NON_AG,"Non Agricultural products",C706,Somalia,413529
"United States of America",C840,2022,MTN,MT4,NON_AG,"Non Agricultural products",C214,"Dominican Republic",4938773269
"United States of America",C840,2024,MTN,MT4,NON_AG,"Non Agricultural products",C328,Guyana,5120267610
"United States of America",C840,2021,MTN,MT4,NON_AG,"Non Agricultural products",C288,Ghana,1443791541
"United States of America",C840,2021,MTN,MT4,NON_AG,"Non Agricultural products",C262,Djibouti,741852
"United States of America",C840,2021,MTN,MT4,NON_AG,"Non Agricultural products",C788,Tunisia,447256190
"United States of America",C840,2022,MTN,MT4,NON_AG,"Non Agricultural products",C466,Mali,3213909
"United States of America",C840,2023,MTN,MT4,NON_AG,"Non Agricultural products",C854,"Burkina Faso",1302896
"United States of America",C840,2021,MTN,MT4,NON_AG,"Non Agricultural products",C231,Ethiopia,317051740
"United States of America",C840,2022,MTN,MT4,NON_AG,"Non Agricultural products",C044,Bahamas,1312066907
"United States of America",C840,2024,MTN,MT4,NON_AG,"Non Agricultural products",C480,Mauritius,122208457
"United States of America",C840,2021,MTN,MT4,NON_AG,"Non Agricultural products",C438,Liechtenstein,265236595
"United States of America",C840,2021,MTN,MT4,NON_AG,"Non Agricultural products",C893,Montenegro,6426706
"United States of America",C840,2022,MTN,MT4,NON_AG,"Non Agricultural products",N990,"Other Countries, n.e.s.",933132126
"United States of America",C840,2023,MTN,MT4,NON_AG,"Non Agricultural products",C404,Kenya,521780019
"United States of America",C840,2024,MTN,MT4,NON_AG,"Non Agricultural products",C694,"Sierra Leone",23486062
"United States of America",C840,2021,MTN,MT4,NON_AG,"Non Agricultural products",C762,Tajikistan,754833
"United States of America",C840,2021,MTN,MT4,NON_AG,"Non Agricultural products",C807,"North Macedonia",131520945
"United States of America",C840,2021,MTN,MT4,NON_AG,"Non Agricultural products",C626,Timor-Leste,1087591
"United States of America",C840,2021,MTN,MT4,NON_AG,"Non Agricultural products",U918,"European Union",418389216915
"United States of America",C840,2023,MTN,MT4,NON_AG,"Non Agricultural products",C418,"Lao People's Democratic Republic",284775798
"United States of America",C840,2021,MTN,MT4,NON_AG,"Non Agricultural products",C558,Nicaragua,3430950431
"United States of America",C840,2021,MTN,MT4,NON_AG,"Non Agricultural products",C702,Singapore,22660912340
"United States of America",C840,2020,MTN,MT4,NON_AG,"Non Agricultural products",C090,"Solomon Islands",2535510
"United States of America",C840,2020,MTN,MT4,NON_AG,"Non Agricultural products",C404,Kenya,425415327
"United States of America",C840,2022,MTN,MT4,NON_AG,"Non Agricultural products",U918,"European Union",483604382562
"United States of America",C840,2024,MTN,MT4,NON_AG,"Non Agricultural products",C218,Ecuador,6201874527
"United States of America",C840,2024,MTN,MT4,NON_AG,"Non Agricultural products",C356,India,82759797463
"United States of America",C840,2020,MTN,MT4,NON_AG,"Non Agricultural products",C578,Norway,3612515019
"United States of America",C840,2022,MTN,MT4,NON_AG,"Non Agricultural products",C454,Malawi,699546
"United States of America",C840,2021,MTN,MT4,NON_AG,"Non Agricultural products",C178,Congo,46992252
"United States of America",C840,2021,MTN,MT4,NON_AG,"Non Agricultural products",C854,"Burkina Faso",337229
"United States of America",C840,2020,MTN,MT4,NON_AG,"Non Agricultural products",C028,"Antigua and Barbuda",2198430
"United States of America",C840,2020,MTN,MT4,NON_AG,"Non Agricultural products",C710,"South Africa",10684919786
"United States of America",C840,2022,MTN,MT4,NON_AG,"Non Agricultural products",C356,India,81131686810
"United States of America",C840,2023,MTN,MT4,NON_AG,"Non Agricultural products",C050,Bangladesh,8341213492
"United States of America",C840,2023,MTN,MT4,NON_AG,"Non Agricultural products",C242,Fiji,65689897
"United States of America",C840,2024,MTN,MT4,NON_AG,"Non Agricultural products",C624,Guinea-Bissau,112164
"United States of America",C840,2021,MTN,MT4,NON_AG,"Non Agricultural products",C226,"Equatorial Guinea",264607475
"United States of America",C840,2023,MTN,MT4,NON_AG,"Non Agricultural products",C132,"Cabo Verde",4345570
"United States of America",C840,2021,MTN,MT4,NON_AG,"Non Agricultural products",C266,Gabon,111982613
"United States of America",C840,2022,MTN,MT4,NON_AG,"Non Agricultural products",C504,Morocco,1208519798
"United States of America",C840,2022,MTN,MT4,NON_AG,"Non Agricultural products",C659,"Saint Kitts and Nevis",23758747
"United States of America",C840,2022,MTN,MT4,NON_AG,"Non Agricultural products",C578,Norway,6138417479
"United States of America",C840,2023,MTN,MT4,NON_AG,"Non Agricultural products",C414,"Kuwait, the State of",1442704429
"United States of America",C840,2023,MTN,MT4,NON_AG,"Non Agricultural products",C454,Malawi,883318
"United States of America",C840,2024,MTN,MT4,NON_AG,"Non Agricultural products",C438,Liechtenstein,235494811
"United States of America",C840,2022,MTN,MT4,NON_AG,"Non Agricultural products",C438,Liechtenstein,259410294
"United States of America",C840,2022,MTN,MT4,NON_AG,"Non Agricultural products",C524,Nepal,105293342
"United States of America",C840,2020,MTN,MT4,NON_AG,"Non Agricultural products",C048,"Bahrain, Kingdom of",571756601
"United States of America",C840,2020,MTN,MT4,NON_AG,"Non Agricultural products",C070,"Bosnia and Herzegovina",88181166
"United States of America",C840,2024,MTN,MT4,NON_AG,"Non Agricultural products",C104,Myanmar,661979008
"United States of America",C840,2024,MTN,MT4,NON_AG,"Non Agricultural products",C120,Cameroon,152712947
"United States of America",C840,2024,MTN,MT4,NON_AG,"Non Agricultural products",C144,"Sri Lanka",2874800504
"United States of America",C840,2021,MTN,MT4,NON_AG,"Non Agricultural products",C826,"United Kingdom",49684193306
"United States of America",C840,2023,MTN,MT4,NON_AG,"Non Agricultural products",C268,Georgia,81072319
"United States of America",C840,2024,MTN,MT4,NON_AG,"Non Agricultural products",C266,Gabon,199009289
"United States of America",C840,2021,MTN,MT4,NON_AG,"Non Agricultural products",C496,Mongolia,10171994
"United States of America",C840,2023,MTN,MT4,NON_AG,"Non Agricultural products",C076,Brazil,30270196358
"United States of America",C840,2024,MTN,MT4,NON_AG,"Non Agricultural products",C004,Afghanistan,6912089
"United States of America",C840,2024,MTN,MT4,NON_AG,"Non Agricultural products",C262,Djibouti,753848
"United States of America",C840,2021,MTN,MT4,NON_AG,"Non Agricultural products",C800,Uganda,5260685
"United States of America",C840,2020,MTN,MT4,NON_AG,"Non Agricultural products",C132,"Cabo Verde",2406405
"United States of America",C840,2024,MTN,MT4,NON_AG,"Non Agricultural products",C376,Israel,21141657212
"United States of America",C840,2024,MTN,MT4,NON_AG,"Non Agricultural products",C784,"United Arab Emirates",5739433373
"United States of America",C840,2021,MTN,MT4,NON_AG,"Non Agricultural products",C008,Albania,33969542
"United States of America",C840,2021,MTN,MT4,NON_AG,"Non Agricultural products",C598,"Papua New Guinea",3549307
"United States of America",C840,2020,MTN,MT4,NON_AG,"Non Agricultural products",C804,Ukraine,1032096198
"United States of America",C840,2022,MTN,MT4,NON_AG,"Non Agricultural products",C600,Paraguay,60897620
"United States of America",C840,2022,MTN,MT4,NON_AG,"Non Agricultural products",C702,Singapore,22762697380
"United States of America",C840,2022,MTN,MT4,NON_AG,"Non Agricultural products",C893,Montenegro,4533915
"United States of America",C840,2021,MTN,MT4,NON_AG,"Non Agricultural products",C192,Cuba,2891137
"United States of America",C840,2020,MTN,MT4,NON_AG,"Non Agricultural products",C646,Rwanda,5323210
"United States of America",C840,2021,MTN,MT4,NON_AG,"Non Agricultural products",C450,Madagascar,405286942
"United States of America",C840,2021,MTN,MT4,NON_AG,"Non Agricultural products",C682,"Saudi Arabia, Kingdom of",12900620572
"United States of America",C840,2022,MTN,MT4,NON_AG,"Non Agricultural products",C728,"South Sudan",26956
"United States of America",C840,2023,MTN,MT4,NON_AG,"Non Agricultural products",C690,Seychelles,9819207
"United States of America",C840,2024,MTN,MT4,NON_AG,"Non Agricultural products",C360,Indonesia,23848794950
"United States of America",C840,2022,MTN,MT4,NON_AG,"Non Agricultural products",C364,Iran,11174882
"United States of America",C840,2024,MTN,MT4,NON_AG,"Non Agricultural products",C076,Brazil,32019305124
"United States of America",C840,2024,MTN,MT4,NON_AG,"Non Agricultural products",C180,"Democratic Republic of the Congo",309723333
"United States of America",C840,2024,MTN,MT4,NON_AG,"Non Agricultural products",C566,Nigeria,5975726688
"United States of America",C840,2024,MTN,MT4,NON_AG,"Non Agricultural products",C800,Uganda,5120638
"United States of America",C840,2023,MTN,MT4,NON_AG,"Non Agricultural products",C152,Chile,12049528470
"United States of America",C840,2024,MTN,MT4,NON_AG,"Non Agricultural products",C388,Jamaica,145369985
"United States of America",C840,2024,MTN,MT4,NON_AG,"Non Agricultural products",C716,Zimbabwe,5631763
"United States of America",C840,2021,MTN,MT4,NON_AG,"Non Agricultural products",C376,Israel,17392697703
"United States of America",C840,2022,MTN,MT4,NON_AG,"Non Agricultural products",C324,Guinea,5466543
"United States of America",C840,2020,MTN,MT4,NON_AG,"Non Agricultural products",C076,Brazil,17890445166
"United States of America",C840,2022,MTN,MT4,NON_AG,"Non Agricultural products",C031,Azerbaijan,154319801
"United States of America",C840,2021,MTN,MT4,NON_AG,"Non Agricultural products",C158,"Chinese Taipei",73810933926
"United States of America",C840,2021,MTN,MT4,NON_AG,"Non Agricultural products",C764,Thailand,44028756309
"United States of America",C840,2022,MTN,MT4,NON_AG,"Non Agricultural products",C270,"The Gambia",1223287
"United States of America",C840,2022,MTN,MT4,NON_AG,"Non Agricultural products",C446,"Macao, China",129696033
"United States of America",C840,2024,MTN,MT4,NON_AG,"Non Agricultural products",C466,Mali,1795361
"United States of America",C840,2021,MTN,MT4,NON_AG,"Non Agricultural products",C600,Paraguay,57412633
"United States of America",C840,2021,MTN,MT4,NON_AG,"Non Agricultural products",C686,Senegal,145409145
"United States of America",C840,2020,MTN,MT4,NON_AG,"Non Agricultural products",C398,Kazakhstan,876311056
"United States of America",C840,2022,MTN,MT4,NON_AG,"Non Agricultural products",C398,Kazakhstan,2556318605
"United States of America",C840,2022,MTN,MT4,NON_AG,"Non Agricultural products",C414,"Kuwait, the State of",1854037449
"United States of America",C840,2020,MTN,MT4,NON_AG,"Non Agricultural products",C188,"Costa Rica",3520644536
"United States of America",C840,2020,MTN,MT4,NON_AG,"Non Agricultural products",C756,Switzerland,66777893511
"United States of America",C840,2022,MTN,MT4,NON_AG,"Non Agricultural products",C807,"North Macedonia",188851753
"United States of America",C840,2023,MTN,MT4,NON_AG,"Non Agricultural products",C178,Congo,308733617
"United States of America",C840,2024,MTN,MT4,NON_AG,"Non Agricultural products",C270,"The Gambia",1758599
"United States of America",C840,2020,MTN,MT4,NON_AG,"Non Agricultural products",C400,Jordan,1806349054
"United States of America",C840,2022,MTN,MT4,NON_AG,"Non Agricultural products",C404,Kenya,645283171
"United States of America",C840,2023,MTN,MT4,NON_AG,"Non Agricultural products",C512,Oman,1549246254
"United States of America",C840,2024,MTN,MT4,NON_AG,"Non Agricultural products",C862,"Venezuela, Bolivarian Republic of",5601073317
"United States of America",C840,2022,MTN,MT4,NON_AG,"Non Agricultural products",C643,"Russian Federation",15027094953
"United States of America",C840,2023,MTN,MT4,NON_AG,"Non Agricultural products",C140,"Central African Republic",1495907
"United States of America",C840,2024,MTN,MT4,NON_AG,"Non Agricultural products",C178,Congo,53254793
"United States of America",C840,2022,MTN,MT4,NON_AG,"Non Agricultural products",C242,Fiji,95802427
"United States of America",C840,2022,MTN,MT4,NON_AG,"Non Agricultural products",C882,Samoa,1967980
"United States of America",C840,2021,MTN,MT4,NON_AG,"Non Agricultural products",C458,Malaysia,53327513817
"United States of America",C840,2021,MTN,MT4,NON_AG,"Non Agricultural products",C504,Morocco,909888129
"United States of America",C840,2022,MTN,MT4,NON_AG,"Non Agricultural products",C562,Niger,3387604
"United States of America",C840,2021,MTN,MT4,NON_AG,"Non Agricultural products",C076,Brazil,25214643806
"United States of America",C840,2021,MTN,MT4,NON_AG,"Non Agricultural products",C604,Peru,3729133138
"United States of America",C840,2021,MTN,MT4,NON_AG,"Non Agricultural products",C736,Sudan,17831754
"United States of America",C840,2024,MTN,MT4,NON_AG,"Non Agricultural products",C320,Guatemala,2077374151
"United States of America",C840,2024,MTN,MT4,NON_AG,"Non Agricultural products",C807,"North Macedonia",131844972
"United States of America",C840,2020,MTN,MT4,NON_AG,"Non Agricultural products",C266,Gabon,74160768
"United States of America",C840,2023,MTN,MT4,NON_AG,"Non Agricultural products",C144,"Sri Lanka",2683500328
"United States of America",C840,2023,MTN,MT4,NON_AG,"Non Agricultural products",C728,"South Sudan",134876
"United States of America",C840,2020,MTN,MT4,NON_AG,"Non Agricultural products",C096,"Brunei Darussalam",61359258
"United States of America",C840,2022,MTN,MT4,NON_AG,"Non Agricultural products",C132,"Cabo Verde",5276222
"United States of America",C840,2022,MTN,MT4,NON_AG,"Non Agricultural products",C222,"El Salvador",2350436910
"United States of America",C840,2023,MTN,MT4,NON_AG,"Non Agricultural products",C760,"Syrian Arab Republic",3563269
"United States of America",C840,2021,MTN,MT4,NON_AG,"Non Agricultural products",C454,Malawi,1553024
"United States of America",C840,2021,MTN,MT4,NON_AG,"Non Agricultural products",C728,"South Sudan",78662
"United States of America",C840,2020,MTN,MT4,NON_AG,"Non Agricultural products",C112,Belarus,299761883
"United States of America",C840,2023,MTN,MT4,NON_AG,"Non Agricultural products",C170,Colombia,12191823369
"United States of America",C840,2023,MTN,MT4,NON_AG,"Non Agricultural products",C478,Mauritania,3222057
"United States of America",C840,2024,MTN,MT4,NON_AG,"Non Agricultural products",C740,Suriname,85823786
"United States of America",C840,2020,MTN,MT4,NON_AG,"Non Agricultural products",C417,"Kyrgyz Republic",4281926
"United States of America",C840,2024,MTN,MT4,NON_AG,"Non Agricultural products",C226,"Equatorial Guinea",123121001
"United States of America",C840,2021,MTN,MT4,NON_AG,"Non Agricultural products",C704,"Viet Nam",98100885110
"United States of America",C840,2020,MTN,MT4,NON_AG,"Non Agricultural products",C170,Colombia,8301241775
"United States of America",C840,2022,MTN,MT4,NON_AG,"Non Agricultural products",C706,Somalia,132724
"United States of America",C840,2022,MTN,MT4,NON_AG,"Non Agricultural products",C736,Sudan,801802
"United States of America",C840,2023,MTN,MT4,NON_AG,"Non Agricultural products",C398,Kazakhstan,2125213990
"United States of America",C840,2024,MTN,MT4,NON_AG,"Non Agricultural products",C659,"Saint Kitts and Nevis",13042982
"United States of America",C840,2020,MTN,MT4,NON_AG,"Non Agricultural products",C392,Japan,115688357820
"United States of America",C840,2022,MTN,MT4,NON_AG,"Non Agricultural products",C336,"Holy See",1363325
"United States of America",C840,2022,MTN,MT4,NON_AG,"Non Agricultural products",C426,Lesotho,371442964
"United States of America",C840,2024,MTN,MT4,NON_AG,"Non Agricultural products",C084,Belize,19980975
"United States of America",C840,2024,MTN,MT4,NON_AG,"Non Agricultural products",C458,Malaysia,48505460347
"United States of America",C840,2021,MTN,MT4,NON_AG,"Non Agricultural products",C028,"Antigua and Barbuda",4562358
"United States of America",C840,2022,MTN,MT4,NON_AG,"Non Agricultural products",C320,Guatemala,2456170482
"United States of America",C840,2023,MTN,MT4,NON_AG,"Non Agricultural products",C643,"Russian Federation",4391321297
"United States of America",C840,2023,MTN,MT4,NON_AG,"Non Agricultural products",C892,Serbia,617441309
"United States of America",C840,2020,MTN,MT4,NON_AG,"Non Agricultural products",C643,"Russian Federation",17079706003
"United States of America",C840,2020,MTN,MT4,NON_AG,"Non Agricultural products",C360,Indonesia,17722159447
"United States of America",C840,2020,MTN,MT4,NON_AG,"Non Agricultural products",C410,"Korea, Republic of",72494306427
"United States of America",C840,2024,MTN,MT4,NON_AG,"Non Agricultural products",C498,"Moldova, Republic of",45271905
"United States of America",C840,2022,MTN,MT4,NON_AG,"Non Agricultural products",C020,Andorra,6509902
"United States of America",C840,2022,MTN,MT4,NON_AG,"Non Agricultural products",C156,China,511539568678
"United States of America",C840,2023,MTN,MT4,NON_AG,"Non Agricultural products",C324,Guinea,11150978
"United States of America",C840,2020,MTN,MT4,NON_AG,"Non Agricultural products",C158,"Chinese Taipei",57650876921
"United States of America",C840,2022,MTN,MT4,NON_AG,"Non Agricultural products",C670,"Saint Vincent and the Grenadines",7573095
"United States of America",C840,2022,MTN,MT4,NON_AG,"Non Agricultural products",C344,"Hong Kong, China",2699786782
"United States of America",C840,2020,MTN,MT4,NON_AG,"Non Agricultural products",C740,Suriname,171669789
"United States of America",C840,2024,MTN,MT4,NON_AG,"Non Agricultural products",C748,Eswatini,7434459
"United States of America",C840,2021,MTN,MT4,NON_AG,"Non Agricultural products",C360,Indonesia,22364282815
"United States of America",C840,2021,MTN,MT4,NON_AG,"Non Agricultural products",C516,Namibia,142135124
"United States of America",C840,2020,MTN,MT4,NON_AG,"Non Agricultural products",C352,Iceland,364885185
"United States of America",C840,2022,MTN,MT4,NON_AG,"Non Agricultural products",C340,Honduras,4749678209
"United States of America",C840,2023,MTN,MT4,NON_AG,"Non Agricultural products",C031,Azerbaijan,41754672
"United States of America",C840,2023,MTN,MT4,NON_AG,"Non Agricultural products",C426,Lesotho,228172950
"United States of America",C840,2023,MTN,MT4,NON_AG,"Non Agricultural products",C591,Panama,262659874
"United States of America",C840,2024,MTN,MT4,NON_AG,"Non Agricultural products",C050,Bangladesh,8315457826
"United States of America",C840,2024,MTN,MT4,NON_AG,"Non Agricultural products",C450,Madagascar,603864613
"United States of America",C840,2020,MTN,MT4,NON_AG,"Non Agricultural products",C336,"Holy See",1297964
"United States of America",C840,2023,MTN,MT4,NON_AG,"Non Agricultural products",C430,Liberia,56693990
"United States of America",C840,2021,MTN,MT4,NON_AG,"Non Agricultural products",C795,Turkmenistan,38610736
"United States of America",C840,2020,MTN,MT4,NON_AG,"Non Agricultural products",C854,"Burkina Faso",303239
"United States of America",C840,2022,MTN,MT4,NON_AG,"Non Agricultural products",C860,Uzbekistan,45209712
"United States of America",C840,2022,MTN,MT4,NON_AG,"Non Agricultural products",C478,Mauritania,5893798
"United States of America",C840,2021,MTN,MT4,NON_AG,"Non Agricultural products",C624,Guinea-Bissau,3149
"United States of America",C840,2020,MTN,MT4,NON_AG,"Non Agricultural products",C020,Andorra,1887341
"United States of America",C840,2022,MTN,MT4,NON_AG,"Non Agricultural products",C388,Jamaica,155115564
"United States of America",C840,2023,MTN,MT4,NON_AG,"Non Agricultural products",C784,"United Arab Emirates",4985889666
"United States of America",C840,2024,MTN,MT4,NON_AG,"Non Agricultural products",C051,Armenia,107399527
